,overall,data_read,hashing_vectorizer,tfidf_transformer,data_preprocessing,nrows,n_workers,sample_run
0,29.642338173,1.976871792,0.404744386,27.240200722,0.019596639,20725971,8,0
1,24.374496848,0.057833541,0.002669524,24.291959988,0.020414925,20725971,8,1
2,24.040022396,0.063146778,0.003043162,23.953658654,0.018626516,20725971,8,2
3,25.603899091,0.054077894,0.002925263,25.526272362,0.019079169,20725971,8,3
4,24.289147076,0.117333306,0.00342305,24.149218086,0.017826256,20725971,8,4
