,overall,data_read,hashing_vectorizer,tfid_transformer,data_preprocessing,nrows,tfidf_transformer,n_workers,sample_run
0,495.288444702,0.053811395,0.012808065,0,0.085813628,20725971,495.135677361,1,0
1,489.753846574,0.054132723,0.010825903,0,0.085969944,20725971,489.60264035,1,1
2,509.78834741,0.058800911,0.015559603,0,0.105088108,20725971,509.608449582,1,2
3,496.347411208,0.059598704,0.012009641,0,0.098582851,20725971,496.176801962,1,3
4,484.082631939,0.057208275,0.015060722,0,0.106583544,20725971,483.903347223,1,4
