,overall,data_read,hashing_vectorizer,tfid_transformer,data_preprocessing,nrows,tfidf_transformer,n_workers,sample_run
0,2143.740205188,70.212867167,733.616369119,0,1267.27143621,20725971,72.356304989,1,0
1,2218.46432265,73.225085344,738.666063173,0,1278.299065036,20725971,127.988551732,1,1
