,overall,data_read,hashing_vectorizer,tfid_transformer,data_preprocessing,nrows,tfidf_transformer,n_workers,sample_run
0,2124.653676701,27.176626497,731.965263292,0,1241.842861926,20725971,123.351881592,1,0
1,2102.609042801,26.745783126,715.500205747,0,1239.419621929,20725971,120.634073774,1,1
2,2118.43830324,29.64475292,719.101140476,0,1242.092643499,20725971,127.356223578,1,2
