,overall,data_read,hashing_vectorizer,tfid_transformer,data_preprocessing,nrows,tfidf_transformer,n_workers,sample_run
0,486.515158753,0.050798674,0.012221278,0,0.09297889,20725971,486.358867514,1,0
1,478.187114776,0.050539651,0.010710309,0,0.088441056,20725971,478.03716527,1,1
2,493.941810846,0.050383766,0.013528535,0,0.10429752,20725971,493.773125929,1,2
3,476.62420887,0.050379153,0.011128956,0,0.08857387,20725971,476.473840903,1,3
4,477.515079373,0.051789292,0.010708737,0,0.088651124,20725971,477.363643936,1,4
