,overall,data_read,hashing_vectorizer,tfid_transformer,data_preprocessing,nrows,tfidf_transformer,n_workers,sample_run
0,813.567748678,15.23985286,202.877945115,0,107.494748581,20725971,487.954867778,1,0
1,809.337087717,5.969575999,234.087781579,0,86.506390094,20725971,482.773021563,1,1
2,833.99270305,4.935677043,241.706533445,0,88.406996062,20725971,498.943133027,1,2
3,828.90735261,5.483239637,235.081407943,0,90.119382662,20725971,498.222800809,1,3
4,820.92951352,4.991638449,248.295504954,0,86.70907281,20725971,480.932740433,1,4
