,overall,data_read,hashing_vectorizer,tfid_transformer,data_preprocessing,nrows,tfidf_transformer,n_workers,sample_run
0,816.043736746,15.573205264,224.441637108,0,99.933905162,20725971,476.094666413,1,0
1,818.581720909,5.342409042,232.244400033,0,84.969079311,20725971,496.025510115,1,1
2,819.798468078,7.241683647,242.327273017,0,84.478218058,20725971,485.750909732,1,2
3,838.06573788,5.755699393,234.904173877,0,84.500678128,20725971,512.904827754,1,3
4,825.87436132,5.325011768,252.43559502,0,88.009767886,20725971,480.10354941,1,4
